{"cameraMode":{"drawMode":0,"name":"Shaded","section":"Shading Mode"},"sceneLighting":true,"audioPlay":false,"sceneViewState":{"showFog":true,"showMaterialUpdate":false,"showSkybox":true,"showFlares":true,"showImageEffects":true,"showParticleSystems":true},"in2DMode":false,"pivot":{"x":21.3267822265625,"y":2.379535675048828,"z":0.9729549288749695},"rotation":{"x":-0.02684076875448227,"y":-0.6855495572090149,"z":0.02530733495950699,"w":-0.7270908355712891},"size":13.515901565551758,"orthographic":false}