{"cameraMode":{"drawMode":0,"name":"Shaded","section":"Shading Mode"},"sceneLighting":true,"audioPlay":false,"sceneViewState":{"showFog":true,"showMaterialUpdate":false,"showSkybox":true,"showFlares":true,"showImageEffects":true,"showParticleSystems":true},"in2DMode":false,"pivot":{"x":14.615540504455567,"y":6.304899215698242,"z":2.184577465057373},"rotation":{"x":-0.02300168015062809,"y":0.6590748429298401,"z":0.02017381228506565,"w":0.7514548301696777},"size":21.28445816040039,"orthographic":false}