{"cameraMode":{"drawMode":0,"name":"Shaded","section":"Shading Mode"},"sceneLighting":true,"audioPlay":false,"sceneViewState":{"showFog":true,"showMaterialUpdate":false,"showSkybox":true,"showFlares":true,"showImageEffects":true,"showParticleSystems":true},"in2DMode":false,"pivot":{"x":27.174560546875,"y":-29.570383071899415,"z":52.73454666137695},"rotation":{"x":-0.35522353649139407,"y":0.6340795159339905,"z":-0.40722790360450747,"w":-0.553104817867279},"size":104.48709869384766,"orthographic":false}